{
    "Earth": [
        149222110.7048675,
        0.01805711869526047,
        0.007332655306372478,
        187.1634288693674,
        271.8504734559524,
        151.1235608676787,
        146527589.3399124,
        1.145823985032359e-05,
        150.1123372000062,
        151916632.0698226,
        31418438.14605028
    ],
    "Asteroid": [
        143602765.9023059,
        0.08323135842481388,
        7.443956277083367,
        93.1743905437595,
        235.4928485375685,
        64.30844679542027,
        131650512.6226964,
        1.213739326048543e-05,
        55.94863663232646,
        155555019.1819154,
        29660405.0205754
    ]
}